Workbook

Sheet Resumen
A1: Revisión del set de la Guerrera
A2: Se actualiza solo al cambiar los desplegables de Estado en cada hoja.
A4: Hoja | B4: Total | C4: Pendiente | D4: Aprobada | E4: Ajustar | F4: Rechazada
A5: Cartas nuevas | B5: =COUNTA('Cartas nuevas'!$L$5:$L$40) -> 36 | C5: =COUNTIF('Cartas nuevas'!$L$5:$L$40,"Pendiente") -> 36 | D5: =COUNTIF('Cartas nuevas'!$L$5:$L$40,"Aprobada") -> 0 | E5: =COUNTIF('Cartas nuevas'!$L$5:$L$40,"Ajustar") -> 0 | F5: =COUNTIF('Cartas nuevas'!$L$5:$L$40,"Rechazada") -> 0
A6: Cartas actuales | B6: =COUNTA('Cartas actuales'!$H$5:$H$16) -> 12 | C6: =COUNTIF('Cartas actuales'!$H$5:$H$16,"Pendiente") -> 12 | D6: =COUNTIF('Cartas actuales'!$H$5:$H$16,"Aprobada") -> 0 | E6: =COUNTIF('Cartas actuales'!$H$5:$H$16,"Ajustar") -> 0 | F6: =COUNTIF('Cartas actuales'!$H$5:$H$16,"Rechazada") -> 0
A7: Mecánicas | B7: =COUNTA(Mecánicas!$F$5:$F$9) -> 5 | C7: =COUNTIF(Mecánicas!$F$5:$F$9,"Pendiente") -> 5 | D7: =COUNTIF(Mecánicas!$F$5:$F$9,"Aprobada") -> 0 | E7: =COUNTIF(Mecánicas!$F$5:$F$9,"Ajustar") -> 0 | F7: =COUNTIF(Mecánicas!$F$5:$F$9,"Rechazada") -> 0
A8: Reliquias | B8: =COUNTA(Reliquias!$E$5:$E$11) -> 7 | C8: =COUNTIF(Reliquias!$E$5:$E$11,"Pendiente") -> 7 | D8: =COUNTIF(Reliquias!$E$5:$E$11,"Aprobada") -> 0 | E8: =COUNTIF(Reliquias!$E$5:$E$11,"Ajustar") -> 0 | F8: =COUNTIF(Reliquias!$E$5:$E$11,"Rechazada") -> 0
A9: Total | B9: =SUM(B5:B8) -> 60 | C9: =SUM(C5:C8) -> 60 | D9: =SUM(D5:D8) -> 0 | E9: =SUM(E5:E8) -> 0 | F9: =SUM(F5:F8) -> 0
A11: Cartas nuevas por eje
A12: Eje | B12: Cartas | C12: Aprobadas
A13: Autodaño | B13: =COUNTIF('Cartas nuevas'!$J$5:$J$40,A13) -> 13 | C13: =COUNTIFS('Cartas nuevas'!$J$5:$J$40,A13,'Cartas nuevas'!$L$5:$L$40,"Aprobada") -> 0
A14: Curación | B14: =COUNTIF('Cartas nuevas'!$J$5:$J$40,A14) -> 8 | C14: =COUNTIFS('Cartas nuevas'!$J$5:$J$40,A14,'Cartas nuevas'!$L$5:$L$40,"Aprobada") -> 0
A15: Escudo | B15: =COUNTIF('Cartas nuevas'!$J$5:$J$40,A15) -> 9 | C15: =COUNTIFS('Cartas nuevas'!$J$5:$J$40,A15,'Cartas nuevas'!$L$5:$L$40,"Aprobada") -> 0
A16: Fuerza | B16: =COUNTIF('Cartas nuevas'!$J$5:$J$40,A16) -> 6 | C16: =COUNTIFS('Cartas nuevas'!$J$5:$J$40,A16,'Cartas nuevas'!$L$5:$L$40,"Aprobada") -> 0

Sheet Cartas nuevas
A1: Cartas propuestas — La Guerrera
A2: Rellena las celdas amarillas: Estado (desplegable: Pendiente / Aprobada / Ajustar / Rechazada) y Comentarios. Regla de equilibrio: las cartas que te hacen perder vida dan ~30-60 % más que la carta base del mismo coste (columna Referencia).
A4: # | B4: Carta | C4: Tipo | D4: Coste | E4: Rareza | F4: Efecto | G4: Palabra clave | H4: Efecto de la palabra clave | I4: Vida perdida | J4: Eje | K4: Referencia de equilibrio | L4: Estado | M4: Comentarios
A5: 1 | B5: Corte Sangriento | C5: Ataque | D5: 1 | E5: Común | F5: Pierdes 3 de vida. 13 de daño. | I5: 3 | J5: Autodaño | K5: Golpe Férreo (1): 9 de daño → +4 por el autodaño | L5: Pendiente
A6: 2 | B6: Tajo Brutal | C6: Ataque | D6: 1 | E6: Común | F6: 8 de daño. | G6: Furia | H6: +5 de daño | J6: Autodaño | K6: Base 1 maná ≈ 9; con Furia 13 | L6: Pendiente
A7: 3 | B7: Golpe de Escudo | C7: Ataque | D7: 1 | E7: Común | F7: Inflige daño igual a tu escudo actual. | J7: Escudo | K7: Conecta el escudo con el ataque | L7: Pendiente
A8: 4 | B8: Embate Firme | C8: Ataque | D8: 2 | E8: Común | F8: 12 de daño. | G8: Aguante | H8: +6 de daño | J8: Escudo | K8: Base 2 maná ≈ 14-16; con Aguante 18 | L8: Pendiente
A9: 5 | B9: Golpe Doble | C9: Ataque | D9: 1 | E9: Común | F9: 5 de daño dos veces. | J9: Fuerza | K9: La Fuerza se aplica en cada golpe | L9: Pendiente
A10: 6 | B10: Puño de Hierro | C10: Ataque | D10: 1 | E10: Poco común | F10: 6 de daño. +1 de Fuerza. | J10: Fuerza | K10: Paga 3 de daño por 1 de Fuerza permanente | L10: Pendiente
A11: 7 | B11: Sed de Batalla | C11: Ataque | D11: 2 | E11: Poco común | F11: 10 de daño. Te curas lo que inflijas a la vida del enemigo. | J11: Curación | K11: Robo de vida: el daño absorbido por escudo no cura | L11: Pendiente
A12: 8 | B12: Hachazo Temerario | C12: Ataque | D12: 2 | E12: Poco común | F12: Pierdes 5 de vida. 24 de daño. | I12: 5 | J12: Autodaño | K12: Base 2 maná ≈ 15 → +9 por el autodaño | L12: Pendiente
A13: 9 | B13: Torbellino de Acero | C13: Ataque | D13: 2 | E13: Poco común | F13: 7 de daño a todos los enemigos. | G13: Furia | H13: Te curas 3 por cada enemigo golpeado | J13: Curación | K13: Golpe Total (2): 10 a todos; aquí menos daño a cambio de curación | L13: Pendiente
A14: 10 | B14: Represalia | C14: Ataque | D14: 2 | E14: Rara | F14: Inflige el doble de la vida que perdiste este turno. | J14: Autodaño | K14: Escala con autodaño y con golpes enemigos | L14: Pendiente
A15: 11 | B15: Sacrificio | C15: Ataque | D15: 0 | E15: Rara | F15: Pierdes 6 de vida. 16 de daño. | G15: Furia | H15: Robas 1 carta | I15: 6 | J15: Autodaño | K15: 0 maná: ≈ un ataque de 2 maná gratis | L15: Pendiente
A16: 12 | B16: Martillo Sísmico | C16: Ataque | D16: 3 | E16: Rara | F16: 18 de daño a todos los enemigos. | G16: Aguante | H16: +2 de Fuerza | J16: Escudo | K16: Ataque en área caro con recompensa de Fuerza | L16: Pendiente
A17: 13 | B17: Furia Desatada | C17: Ataque | D17: 2 | E17: Épica | F17: 4 de daño 4 veces. | G17: Furia | H17: 2 golpes más | J17: Fuerza | K17: Multigolpe: ideal con mucha Fuerza | L17: Pendiente
A18: 14 | B18: Ira Carmesí | C18: Ataque | D18: 3 | E18: Épica | F18: Pierdes 8 de vida. 40 de daño. Te curas la mitad del daño infligido. | I18: 8 | J18: Autodaño | K18: Ejecución (3): 30 → +10 y curación parcial | L18: Pendiente
A19: 15 | B19: Golpe Vampírico | C19: Ataque | D19: 3 | E19: Legendaria | F19: 24 de daño. Te curas todo el daño infligido a la vida del enemigo. | J19: Curación | K19: Remate de la mecánica: curación sobrante → escudo | L19: Pendiente
A20: 16 | B20: Herida Abierta | C20: Habilidad | D20: 0 | E20: Común | F20: Pierdes 3 de vida. Robas 2 cartas. | I20: 3 | J20: Autodaño | K20: Visión (0): roba 2 sin coste → aquí habilita Furia | L20: Pendiente
A21: 17 | B21: Escudo de Sangre | C21: Habilidad | D21: 1 | E21: Común | F21: Pierdes 3 de vida. 14 de escudo. | I21: 3 | J21: Autodaño | K21: Guardia Sólida (1): 8 → +6 por el autodaño | L21: Pendiente
A22: 18 | B22: Postura Firme | C22: Habilidad | D22: 1 | E22: Común | F22: 8 de escudo. | G22: Furia | H22: +5 de escudo | J22: Escudo | K22: Igual a Guardia Sólida; con Furia 13 | L22: Pendiente
A23: 19 | B23: Vendaje | C23: Habilidad | D23: 1 | E23: Común | F23: Te curas 5. | G23: Aguante | H23: Te curas 4 más | J23: Curación | K23: Curación básica | L23: Pendiente
A24: 20 | B24: Muro de Acero | C24: Habilidad | D24: 2 | E24: Común | F24: 14 de escudo. | G24: Aguante | H24: +1 de Fuerza | J24: Escudo | K24: Fortaleza (2): 14 + recompensa de Fuerza | L24: Pendiente
A25: 21 | B25: Rugido | C25: Habilidad | D25: 1 | E25: Poco común | F25: +1 de Fuerza. | G25: Furia | H25: +2 de Fuerza más | J25: Fuerza | K25: Fuerza permanente para el combate | L25: Pendiente
A26: 22 | B26: Sangría | C26: Habilidad | D26: 1 | E26: Poco común | F26: Pierdes 4 de vida. +3 de Fuerza. | I26: 4 | J26: Autodaño | K26: Rugido sin Furia da 1 → autodaño da 3 | L26: Pendiente
A27: 23 | B27: Respiro | C27: Habilidad | D27: 2 | E27: Poco común | F27: Te curas 7. 8 de escudo. | J27: Curación | K27: Mezcla curación y escudo | L27: Pendiente
A28: 24 | B28: Grito de Batalla | C28: Habilidad | D28: 1 | E28: Poco común | F28: Robas 2 cartas. | G28: Aguante | H28: +1 de Fuerza | J28: Fuerza | K28: Robo con recompensa por escudo | L28: Pendiente
A29: 25 | B29: Coraza Viva | C29: Habilidad | D29: 2 | E29: Rara | F29: Ganas 1 de escudo por cada 2 de vida que te faltan (máx. 30). | J29: Escudo | K29: Escala cuanto más herida estás | L29: Pendiente
A30: 26 | B30: Pacto de Hierro | C30: Habilidad | D30: 0 | E30: Rara | F30: Pierdes 6 de vida. Ganas 2 de maná. | I30: 6 | J30: Autodaño | K30: Maná a cambio de vida | L30: Pendiente
A31: 27 | B31: Transfusión | C31: Habilidad | D31: 1 | E31: Rara | F31: Pierdes todo tu escudo y te curas esa cantidad. | J31: Curación | K31: Inverso de la curación sobrante → escudo | L31: Pendiente
A32: 28 | B32: Doblar Escudo | C32: Habilidad | D32: 2 | E32: Épica | F32: Duplica tu escudo actual. | J32: Escudo | K32: Remate de mazos de escudo | L32: Pendiente
A33: 29 | B33: Muralla Inquebrantable | C33: Habilidad | D33: 3 | E33: Legendaria | F33: 30 de escudo. Tu escudo no se pierde al inicio de tu próximo turno. | J33: Escudo | K33: Bastión (3): 30 + persistencia | L33: Pendiente
A34: 30 | B34: Sangre Hirviente | C34: Poder | D34: 1 | E34: Poco común | F34: Al inicio de tu turno pierdes 2 de vida y ganas +1 de Fuerza. | I34: 2 | J34: Autodaño | K34: Motor de Fuerza pagado con vida; activa Furia cada turno | L34: Pendiente
A35: 31 | B35: Fortaleza Interior | C35: Poder | D35: 1 | E35: Poco común | F35: Cada vez que te curas, ganas 2 de escudo. | J35: Curación | K35: Une curación y escudo | L35: Pendiente
A36: 32 | B36: Segunda Piel | C36: Poder | D36: 2 | E36: Rara | F36: Cada vez que pierdes vida, ganas 3 de escudo. | J36: Autodaño | K36: Recompensa el autodaño con defensa | L36: Pendiente
A37: 33 | B37: Regeneración | C37: Poder | D37: 2 | E37: Rara | F37: Al inicio de tu turno te curas 3. | J37: Curación | K37: Curación constante | L37: Pendiente
A38: 34 | B38: Piel de Acero | C38: Poder | D38: 2 | E38: Épica | F38: Al final de tu turno ganas 6 de escudo. | J38: Escudo | K38: Escudo gratis cada turno | L38: Pendiente
A39: 35 | B39: Berserker | C39: Poder | D39: 3 | E39: Legendaria | F39: Cada vez que pierdes vida, +1 de Fuerza. | J39: Fuerza | K39: Remate del mazo de autodaño | L39: Pendiente
A40: 36 | B40: Voluntad Inquebrantable | C40: Poder | D40: 2 | E40: Legendaria | F40: Tus propias cartas no pueden bajarte de 1 de vida. | J40: Autodaño | K40: Red de seguridad para mazos de autodaño | L40: Pendiente

Sheet Cartas actuales
A1: Cartas actuales de la Guerrera — qué hacer con cada una
A2: Rellena las celdas amarillas (Estado y Comentarios).
A4: # | B4: Carta | C4: Tipo | D4: Coste | E4: Efecto actual | F4: Sugerencia | G4: Motivo | H4: Estado | I4: Comentarios
A5: 1 | B5: Golpe Pesado | C5: Ataque | D5: 2 | E5: 16 de daño. | F5: Mantener | G5: Ataque básico sólido; se beneficia de la Fuerza | H5: Pendiente
A6: 2 | B6: Gran Golpe | C6: Ataque | D6: 3 | E6: 26 de daño. | F6: Mantener | G6: Golpe grande para escalar con Fuerza | H6: Pendiente
A7: 3 | B7: Golpe Total | C7: Ataque | D7: 2 | E7: 10 de daño a todos. | F7: Mantener | G7: Área básica de la clase | H7: Pendiente
A8: 4 | B8: Torre | C8: Habilidad | D8: 2 | E8: 16 de escudo. | F8: Mantener | G8: Encaja con Aguante | H8: Pendiente
A9: 5 | B9: Baluarte | C9: Habilidad | D9: 3 | E9: 22 de escudo. | F9: Ajustar | G9: Añadir Aguante: +1 de Fuerza | H9: Pendiente
A10: 6 | B10: Gran Muralla | C10: Habilidad | D10: 3 | E10: 28 de escudo. | F10: Mantener | G10: Escudo grande para Golpe de Escudo | H10: Pendiente
A11: 7 | B11: Retribución | C11: Habilidad | D11: 1 | E11: 2 de escudo por carta en el descarte. | F11: Mover a neutral | G11: No usa ningún eje de la Guerrera | H11: Pendiente
A12: 8 | B12: Grito de Guerra | C12: Habilidad | D12: 1 | E12: +1 de maná por enemigo vivo. | F12: Mover a neutral | G12: Sin relación con vida, escudo ni Fuerza | H12: Pendiente
A13: 9 | B13: Conjuro de Combate | C13: Ataque | D13: 2 | E13: 10 de daño + 6 de escudo. | F13: Mover al Mago | G13: Nombre y tema de mago | H13: Pendiente
A14: 10 | B14: Escudo Impenetrable | C14: Habilidad | D14: 2 | E14: 22 de escudo (legendaria). | F14: Ajustar | G14: Bajar a épica o añadir Aguante: +2 de Fuerza | H14: Pendiente
A15: 11 | B15: Bastión | C15: Habilidad | D15: 3 | E15: 30 de escudo (legendaria). | F15: Ajustar | G15: Se solapa con Muralla Inquebrantable; elegir una | H15: Pendiente
A16: 12 | B16: Ejecución | C16: Ataque | D16: 3 | E16: 30 de daño (legendaria). | F16: Ajustar | G16: Añadir: si mata al enemigo, te curas 10 | H16: Pendiente

Sheet Mecánicas
A1: Mecánicas y palabras clave
A2: Rellena las celdas amarillas (Estado y Comentarios).
A4: # | B4: Nombre | C4: Tipo | D4: Regla | E4: Notas de diseño | F4: Estado | G4: Comentarios
A5: 1 | B5: Fuerza (héroe) | C5: Estado | D5: Cada golpe de tus ataques inflige +1 de daño por acumulación. Dura todo el combate. | E5: Reutilizar STRENGTH de entities.py, que hoy solo usan los enemigos | F5: Pendiente
A6: 2 | B6: Perder vida | C6: Regla | D6: La vida que pierdes por tus propias cartas ignora el escudo. | E6: Si el escudo la absorbiera, el autodaño no tendría coste | F6: Pendiente
A7: 3 | B7: Curación sobrante → escudo | C7: Regla | D7: La curación que supera tu vida máxima se convierte en escudo. | E7: Une las dos mitades del personaje; ninguna curación se desperdicia | F7: Pendiente
A8: 4 | B8: Furia | C8: Palabra clave | D8: Efecto extra si ya perdiste vida este turno. | E8: La vida perdida por la propia carta no cuenta (igual que Combo no cuenta la propia carta). Cuenta tanto el autodaño como los golpes enemigos | F8: Pendiente
A9: 5 | B9: Aguante | C9: Palabra clave | D9: Efecto extra si tienes escudo al jugarla. | E9: Se comprueba antes de aplicar el escudo de la propia carta | F9: Pendiente

Sheet Reliquias
A1: Reliquias propuestas — La Guerrera
A2: Rellena las celdas amarillas (Estado y Comentarios).
A4: # | B4: Reliquia | C4: Rareza | D4: Efecto | E4: Estado | F4: Comentarios
A5: 1 | B5: Cicatriz | C5: Común | D5: Empiezas cada combate con +1 de Fuerza. | E5: Pendiente
A6: 2 | B6: Brazal de Guerra | C6: Común | D6: Al inicio de cada combate ganas 8 de escudo. | E6: Pendiente
A7: 3 | B7: Colmillo de Hierro | C7: Poco común | D7: Tu primer ataque de cada turno te cura 2. | E7: Pendiente
A8: 4 | B8: Venda Empapada | C8: Poco común | D8: La primera vez que pierdes vida cada turno, robas 1 carta. | E8: Pendiente
A9: 5 | B9: Copa de Sangre | C9: Rara | D9: Todas tus curaciones en combate curan +2. | E9: Pendiente
A10: 6 | B10: Estandarte Desgarrado | C10: Épica | D10: Cada 3 veces que activas Furia, +1 de Fuerza. | E10: Pendiente
A11: 7 | B11: Corazón de Titán | C11: Legendaria | D11: La curación sobrante se convierte en el doble de escudo. | E11: Pendiente
